Animal ID,Intake Type,In Date,Pet name,Animal Type,Pet Age,Pet Size,Color,Breed,Sex,URL Link ,Crossing
A508984,OWNER SUR,02/29/2024,LUIGI,DOG,1 YEAR 7 MONTHS,LARGE,BLACK / WHITE,ALASK MALAMUTE,N,http://www.petharbor.com/get_image.asp?res=DETAIL&id=A508984&location=MONT,
A481203,OWNER SUR,02/10/2024,*SE�ORITA OREO,OTHER,3 YEARS,SMALL,WHITE / BLACK,RABBIT SH,S,http://www.petharbor.com/get_image.asp?res=DETAIL&id=A481203&location=MONT,
A516374,OWNER SUR,02/28/2024,*CAMILLA,OTHER,1 YEAR 10 MONTHS,MED,TRICOLOR,GUINEA PIG,F,http://www.petharbor.com/get_image.asp?res=DETAIL&id=A516374&location=MONT,
A516756,OWNER SUR,03/10/2024,TJ,BIRD,2 YEARS,SMALL,BLACK,BANTAM,M,http://www.petharbor.com/get_image.asp?res=DETAIL&id=A516756&location=MONT,
A516172,BOARDING,02/22/2024,*NIGEL,OTHER,NO AGE,SMALL,SILVER,COLD WATER,U,http://www.petharbor.com/get_image.asp?res=DETAIL&id=A516172&location=MONT,
A516373,OWNER SUR,02/28/2024,*RIZZO,OTHER,1 YEAR 10 MONTHS,MED,TRICOLOR,GUINEA PIG,F,http://www.petharbor.com/get_image.asp?res=DETAIL&id=A516373&location=MONT,
A516758,OWNER SUR,03/10/2024,SPICY,BIRD,2 YEARS,SMALL,RED,BANTAM,M,http://www.petharbor.com/get_image.asp?res=DETAIL&id=A516758&location=MONT,
A516171,BOARDING,02/22/2024,* DORY,OTHER,NO AGE,SMALL,SILVER,COLD WATER,U,http://www.petharbor.com/get_image.asp?res=DETAIL&id=A516171&location=MONT,
A515495,OWNER SUR,03/25/2024,ROCKY,DOG,11 MONTHS,MED,WHITE / GRAY,AM PIT BULL TER,N,http://www.petharbor.com/get_image.asp?res=DETAIL&id=A515495&location=MONT,
A516757,OWNER SUR,03/10/2024,NOODLE,BIRD,2 YEARS,SMALL,BLACK / BROWN,BANTAM,M,http://www.petharbor.com/get_image.asp?res=DETAIL&id=A516757&location=MONT,
A514757,OWNER SUR,01/13/2024,VIVI,OTHER,5 YEARS,SMALL,BROWN,TURTLE,F,http://www.petharbor.com/get_image.asp?res=DETAIL&id=A514757&location=MONT,
A514726,FOSTER,02/11/2024,ACE,DOG,1 YEAR 2 MONTHS,LARGE,WHITE,AM PIT BULL TER,N,http://www.petharbor.com/get_image.asp?res=DETAIL&id=A514726&location=MONT,
A507654,OWNER SUR,03/18/2024,SMOKE,DOG,4 YEARS,MED,BRINDLE,BOXER / MIX,N,http://www.petharbor.com/get_image.asp?res=DETAIL&id=A507654&location=MONT,
A516174,BOARDING,02/22/2024,* PEARL,OTHER,NO AGE,SMALL,WHITE / ORANGE,COLD WATER,U,http://www.petharbor.com/get_image.asp?res=DETAIL&id=A516174&location=MONT,
A516173,BOARDING,02/22/2024,* DEB,OTHER,NO AGE,SMALL,WHITE / ORANGE,COLD WATER,U,http://www.petharbor.com/get_image.asp?res=DETAIL&id=A516173&location=MONT,
A451630,OWNER SUR,01/28/2024,OSCAR,OTHER,6 YEARS,SMALL,BROWN,TURTLE,M,http://www.petharbor.com/get_image.asp?res=DETAIL&id=A451630&location=MONT,
A439979,OWNER SUR,01/28/2024,FRANKLIN,OTHER,10 YEARS,MED,RED,TURTLE / REDEARED SLIDER,M,http://www.petharbor.com/get_image.asp?res=DETAIL&id=A439979&location=MONT,
A517013,OWNER SUR,03/16/2024,JUSTIN B,BIRD,6 MONTHS,MED,BROWN,BANTAM,M,http://www.petharbor.com/get_image.asp?res=DETAIL&id=A517013&location=MONT,
A514368,FOSTER,03/25/2024,BLOCK,DOG,8 MONTHS,MED,GRAY / WHITE,AM PIT BULL TER,N,http://www.petharbor.com/get_image.asp?res=DETAIL&id=A514368&location=MONT,
A515462,OWNER SUR,02/01/2024,SNOW,OTHER,11 MONTHS,MED,WHITE / BLACK,DWARF HOTOT,S,http://www.petharbor.com/get_image.asp?res=DETAIL&id=A515462&location=MONT,
A517340,OWNER SUR,03/26/2024,*6 MOLLIE,OTHER,NO AGE,MED,BLACK,TROPICAL,U,http://www.petharbor.com/get_image.asp?res=DETAIL&id=A517340&location=MONT,
A507522,OWNER SUR,02/05/2024,*RITA,DOG,2 YEARS,MED,BRINDLE,AM PIT BULL TER,S,http://www.petharbor.com/get_image.asp?res=DETAIL&id=A507522&location=MONT,
A517344,OWNER SUR,03/26/2024,*10 MOLLIE,OTHER,NO AGE,MED,BLACK,TROPICAL,U,http://www.petharbor.com/get_image.asp?res=DETAIL&id=A517344&location=MONT,
A517339,OWNER SUR,03/26/2024,*5 MOLLIE,OTHER,NO AGE,MED,BLACK,TROPICAL,U,http://www.petharbor.com/get_image.asp?res=DETAIL&id=A517339&location=MONT,
A515461,OWNER SUR,02/01/2024,MANUELA,OTHER,11 MONTHS,MED,WHITE / BROWN,DUTCH,S,http://www.petharbor.com/get_image.asp?res=DETAIL&id=A515461&location=MONT,
A517348,OWNER SUR,03/26/2024,*13 MOLLIE,OTHER,NO AGE,MED,BLACK,TROPICAL,U,http://www.petharbor.com/get_image.asp?res=DETAIL&id=A517348&location=MONT,
A517349,OWNER SUR,03/26/2024,*14 MOLLIE,OTHER,NO AGE,MED,BLACK,TROPICAL,U,http://www.petharbor.com/get_image.asp?res=DETAIL&id=A517349&location=MONT,
A444157,OWNER SUR,01/28/2024,YERTLE,OTHER,7 YEARS,SMALL,GREEN,TURTLE,F,http://www.petharbor.com/get_image.asp?res=DETAIL&id=A444157&location=MONT,
A512779,RETURN,03/13/2024,*CARDI B,DOG,3 YEARS,LARGE,BLACK / WHITE,AM PIT BULL TER,S,http://www.petharbor.com/get_image.asp?res=DETAIL&id=A512779&location=MONT,
A513554,EUTH REQ,12/08/2023,NOVA,DOG,2 YEARS,MED,TAN / WHITE,AM PIT BULL TER / MIX,S,http://www.petharbor.com/get_image.asp?res=DETAIL&id=A513554&location=MONT,
A439968,OWNER SUR,01/28/2024,SHELLDON,OTHER,10 YEARS,SMALL,BROWN,TURTLE / REDEARED SLIDER,M,http://www.petharbor.com/get_image.asp?res=DETAIL&id=A439968&location=MONT,
A516371,FOSTER,03/14/2024,*MISS PIGGY,OTHER,1 YEAR 10 MONTHS,MED,BLACK / WHITE,GUINEA PIG,F,http://www.petharbor.com/get_image.asp?res=DETAIL&id=A516371&location=MONT,
A501305,RETURN,02/22/2024,RIHANNA,DOG,2 YEARS,MED,BLACK / WHITE,AM PIT BULL TER / MIX,S,http://www.petharbor.com/get_image.asp?res=DETAIL&id=A501305&location=MONT,
A515847,RETURN,03/14/2024,REMI,DOG,1 YEAR 1 MONTH,MED,BLACK / WHITE,LABRADOR RETR,S,http://www.petharbor.com/get_image.asp?res=DETAIL&id=A515847&location=MONT,
A517343,OWNER SUR,03/26/2024,*9 MOLLIE,OTHER,NO AGE,MED,BLACK,TROPICAL,U,http://www.petharbor.com/get_image.asp?res=DETAIL&id=A517343&location=MONT,
A517351,OWNER SUR,03/26/2024,*16 MOLLIE,OTHER,NO AGE,MED,BLACK,TROPICAL,U,http://www.petharbor.com/get_image.asp?res=DETAIL&id=A517351&location=MONT,
A517342,OWNER SUR,03/26/2024,*8 MOLLIE,OTHER,NO AGE,MED,BLACK,TROPICAL,U,http://www.petharbor.com/get_image.asp?res=DETAIL&id=A517342&location=MONT,
A517353,OWNER SUR,03/26/2024,*18 MOLLIE,OTHER,NO AGE,MED,BLACK,TROPICAL,U,http://www.petharbor.com/get_image.asp?res=DETAIL&id=A517353&location=MONT,
A517337,OWNER SUR,03/26/2024,*3 MOLLIE,OTHER,NO AGE,MED,BLACK,TROPICAL,U,http://www.petharbor.com/get_image.asp?res=DETAIL&id=A517337&location=MONT,
A517336,OWNER SUR,03/26/2024,*2 MOLLIE,OTHER,NO AGE,MED,BLACK,TROPICAL,U,http://www.petharbor.com/get_image.asp?res=DETAIL&id=A517336&location=MONT,
A517352,OWNER SUR,03/26/2024,*17 MOLLIE,OTHER,NO AGE,MED,BLACK,TROPICAL,U,http://www.petharbor.com/get_image.asp?res=DETAIL&id=A517352&location=MONT,
A517356,OWNER SUR,03/26/2024,*21 MOLLIE,OTHER,NO AGE,MED,BLACK,TROPICAL,U,http://www.petharbor.com/get_image.asp?res=DETAIL&id=A517356&location=MONT,
A517350,OWNER SUR,03/26/2024,*15 MOLLIE,OTHER,NO AGE,MED,BLACK,TROPICAL,U,http://www.petharbor.com/get_image.asp?res=DETAIL&id=A517350&location=MONT,
A517338,OWNER SUR,03/26/2024,*4 MOLLIE,OTHER,NO AGE,MED,BLACK,TROPICAL,U,http://www.petharbor.com/get_image.asp?res=DETAIL&id=A517338&location=MONT,
A517354,OWNER SUR,03/26/2024,*19 MOLLIE,OTHER,NO AGE,MED,BLACK,TROPICAL,U,http://www.petharbor.com/get_image.asp?res=DETAIL&id=A517354&location=MONT,
A516426,FOSTER,03/24/2024,QUEEN,DOG,5 YEARS,MED,TAN / WHITE,PHARAOH HOUND / MIX,S,http://www.petharbor.com/get_image.asp?res=DETAIL&id=A516426&location=MONT,
A515885,STRAY,02/13/2024,*GIGANTE,DOG,2 YEARS,LARGE,BRINDLE / WHITE,MASTIFF,N,http://www.petharbor.com/get_image.asp?res=DETAIL&id=A515885&location=MONT,"19500 FREDERICK RD, GERMANTOWN MD 20876"
A515574,STRAY,02/05/2024,*JULIUS,OTHER,1 YEAR 1 MONTH,SMALL,WHITE,FLORIDA WHITE,N,http://www.petharbor.com/get_image.asp?res=DETAIL&id=A515574&location=MONT,"1600 DREXEL ST TAKOMA PARK MD, 20912"
A516623,STRAY,03/06/2024,*CHIQUITO,DOG,2 YEARS,LARGE,BLACK / TAN,GERM SHEPHERD / MIX,N,http://www.petharbor.com/get_image.asp?res=DETAIL&id=A516623&location=MONT,"22400 FREDERICK RD, CLARKSBURG MD 20871"
A506818,FOSTER,03/27/2024,LOKI,DOG,1 YEAR 3 MONTHS,LARGE,BLACK / BROWN,COLLIE SMOOTH / SIBERIAN HUSKY,N,http://www.petharbor.com/get_image.asp?res=DETAIL&id=A506818&location=MONT,
A517238,OWNER SUR,03/23/2024,FUNNY BOY,BIRD,NO AGE,SMALL,WHITE / TAN,TURKEY,U,http://www.petharbor.com/get_image.asp?res=DETAIL&id=A517238&location=MONT,
A506134,FOSTER,02/02/2024,*SNOOPY,DOG,1 YEAR 9 MONTHS,MED,BLACK / WHITE,AMERICAN STAFF,N,http://www.petharbor.com/get_image.asp?res=DETAIL&id=A506134&location=MONT,
A515664,STRAY,02/07/2024,*KIMMIE,DOG,3 YEARS,MED,BROWN / WHITE,AM PIT BULL TER,S,http://www.petharbor.com/get_image.asp?res=DETAIL&id=A515664&location=MONT,"2100 HARLEQUIN TER, SILVER SPRING MD 20904"
A516247,STRAY,02/24/2024,*SPOONS,DOG,2 YEARS,LARGE,BROWN / BRINDLE,AM PIT BULL TER / MIX,N,http://www.petharbor.com/get_image.asp?res=DETAIL&id=A516247&location=MONT,"13300 DARNESTOWN RD, GAITHERSBURG MD 20878"
A516742,STRAY,03/10/2024,*MANUEL,CAT,2 YEARS,MED,GRAY / WHITE,DOMESTIC SH,N,http://www.petharbor.com/get_image.asp?res=DETAIL&id=A516742&location=MONT,"9000 MANCHESTER RD, SILVER SPRING MD 20901"
A516877,STRAY,03/13/2024,*YODI,DOG,2 YEARS,MED,TAN / WHITE,AM PIT BULL TER,N,http://www.petharbor.com/get_image.asp?res=DETAIL&id=A516877&location=MONT,"2700 SWEET CLOVER CT, SILVER SPRING MD 20904"
A511893,OWNER SUR,03/08/2024,HAZEL,DOG,1 YEAR 8 MONTHS,SMALL,BROWN / WHITE,AM PIT BULL TER,S,http://www.petharbor.com/get_image.asp?res=DETAIL&id=A511893&location=MONT,
A483227,OWNER SUR,03/25/2024,BUBBA,DOG,2 YEARS,MED,BLACK,ALASK MALAMUTE,N,http://www.petharbor.com/get_image.asp?res=DETAIL&id=A483227&location=MONT,
A516230,STRAY,02/24/2024,*BART,DOG,6 YEARS,MED,BROWN,LABRADOR RETR / MIX,N,http://www.petharbor.com/get_image.asp?res=DETAIL&id=A516230&location=MONT,"10500 DEMOCRACY BLVD, POTOMAC MD 20854"
A516372,OWNER SUR,02/28/2024,*FOZZIE,OTHER,1 YEAR 10 MONTHS,MED,TRI/BROWN,GUINEA PIG,F,http://www.petharbor.com/get_image.asp?res=DETAIL&id=A516372&location=MONT,
A517345,OWNER SUR,03/26/2024,*11 MOLLIE,OTHER,NO AGE,MED,BLACK,TROPICAL,U,http://www.petharbor.com/get_image.asp?res=DETAIL&id=A517345&location=MONT,
A517357,OWNER SUR,03/26/2024,*22 MOLLIE,OTHER,NO AGE,MED,BLACK,TROPICAL,U,http://www.petharbor.com/get_image.asp?res=DETAIL&id=A517357&location=MONT,
A516160,BOARDING,02/22/2024,*DARLA,OTHER,NO AGE,SMALL,ORANGE,COLD WATER,U,http://www.petharbor.com/get_image.asp?res=DETAIL&id=A516160&location=MONT,
A516162,BOARDING,02/22/2024,* BRUCE,OTHER,NO AGE,SMALL,ORANGE,COLD WATER,U,http://www.petharbor.com/get_image.asp?res=DETAIL&id=A516162&location=MONT,
A517346,OWNER SUR,03/26/2024,*12 MOLLIE,OTHER,NO AGE,MED,BLACK,TROPICAL,U,http://www.petharbor.com/get_image.asp?res=DETAIL&id=A517346&location=MONT,
A493450,OWNER SUR,02/22/2024,MR MAGOO,DOG,2 YEARS,LARGE,GOLD,LABRADOR RETR,N,http://www.petharbor.com/get_image.asp?res=DETAIL&id=A493450&location=MONT,
A517341,OWNER SUR,03/26/2024,*7 MOLLIE,OTHER,NO AGE,MED,BLACK,TROPICAL,U,http://www.petharbor.com/get_image.asp?res=DETAIL&id=A517341&location=MONT,
A517335,OWNER SUR,03/26/2024,*1 MOLLIE,OTHER,NO AGE,MED,BLACK,TROPICAL,U,http://www.petharbor.com/get_image.asp?res=DETAIL&id=A517335&location=MONT,
A517355,OWNER SUR,03/26/2024,*20 MOLLIE,OTHER,NO AGE,MED,BLACK,TROPICAL,U,http://www.petharbor.com/get_image.asp?res=DETAIL&id=A517355&location=MONT,
A516170,BOARDING,02/22/2024,* PEACH,OTHER,NO AGE,SMALL,ORANGE,COLD WATER,U,http://www.petharbor.com/get_image.asp?res=DETAIL&id=A516170&location=MONT,
A516166,BOARDING,02/22/2024,* MR. RAY,OTHER,NO AGE,SMALL,ORANGE,COLD WATER,U,http://www.petharbor.com/get_image.asp?res=DETAIL&id=A516166&location=MONT,
A516161,BOARDING,02/22/2024,* MARLIN,OTHER,NO AGE,SMALL,ORANGE,COLD WATER,U,http://www.petharbor.com/get_image.asp?res=DETAIL&id=A516161&location=MONT,
A512992,STRAY,11/23/2023,RICKETTS,CAT,5 YEARS,SMALL,BRN TABBY / ORANGE,DOMESTIC SH,S,http://www.petharbor.com/get_image.asp?res=DETAIL&id=A512992&location=MONT,"600 BLOSSOM DR, ROCKVILLE MD 20850"
A516168,BOARDING,02/22/2024,* BUBBLES,OTHER,NO AGE,SMALL,ORANGE,COLD WATER,U,http://www.petharbor.com/get_image.asp?res=DETAIL&id=A516168&location=MONT,
A516165,BOARDING,02/22/2024,* CORAL,OTHER,NO AGE,SMALL,ORANGE,COLD WATER,U,http://www.petharbor.com/get_image.asp?res=DETAIL&id=A516165&location=MONT,
A516163,BOARDING,02/22/2024,* GILL,OTHER,NO AGE,SMALL,ORANGE,COLD WATER,U,http://www.petharbor.com/get_image.asp?res=DETAIL&id=A516163&location=MONT,
A516169,BOARDING,02/22/2024,* NEMO,OTHER,NO AGE,SMALL,ORANGE,COLD WATER,U,http://www.petharbor.com/get_image.asp?res=DETAIL&id=A516169&location=MONT,
A516164,BOARDING,02/22/2024,* CRUSH,OTHER,NO AGE,SMALL,ORANGE,COLD WATER,U,http://www.petharbor.com/get_image.asp?res=DETAIL&id=A516164&location=MONT,
A516167,BOARDING,02/22/2024,* SQUIRT,OTHER,NO AGE,SMALL,ORANGE,COLD WATER,U,http://www.petharbor.com/get_image.asp?res=DETAIL&id=A516167&location=MONT,
A517237,OWNER SUR,03/23/2024,TRICKEY BOY,BIRD,NO AGE,SMALL,WHITE / TAN,TURKEY,U,http://www.petharbor.com/get_image.asp?res=DETAIL&id=A517237&location=MONT,
A517012,OWNER SUR,03/16/2024,CORY,BIRD,6 MONTHS,SMALL,RED,BANTAM,M,http://www.petharbor.com/get_image.asp?res=DETAIL&id=A517012&location=MONT,
